id_transaksi,tanggal,cabang_id,produk_id,nominal_pembiayaan,margin_keuntungan,sektor_ekonomi,status_kolektibilitas
PB-2026-001,2026-03-08,CB03,PR01,20250000,2800000,Jasa Pendidikan,Lancar
PB-2026-002,2026-01-03,CB01,PR02,20250000,2450000,Kuliner Halal,Lancar
PB-2026-003,2026-04-08,CB04,PR03,40500000,5850000,Kuliner Halal,Lancar
PB-2026-004,2026-02-07,CB04,PR01,30000000,2600000,Fashion Muslim,Lancar
PB-2026-005,2026-06-15,CB03,PR04,50000000,7900000,Jasa Pendidikan,Lancar
PB-2026-006,2026-03-19,CB01,PR03,20000000,1650000,Fashion Muslim,Lancar
PB-2026-007,2026-01-13,CB06,PR04,25750000,3350000,Fashion Muslim,Lancar
PB-2026-008,2026-06-22,CB02,PR03,12250000,1500000,Konveksi,Lancar
PB-2026-009,2026-06-23,CB02,PR05,50250000,0,Perdagangan Sembako,Lancar
PB-2026-010,2026-03-13,CB01,PR01,25000000,2400000,Pertanian Organik,Kurang Lancar
PB-2026-011,2026-04-21,CB02,PR03,40250000,4050000,Jasa Pendidikan,Lancar
PB-2026-012,2026-04-19,CB03,PR03,35500000,3450000,Jasa Pendidikan,Macet
PB-2026-013,2026-01-05,CB02,PR03,15750000,2000000,Jasa Pendidikan,Lancar
PB-2026-014,2026-05-28,CB06,PR02,8000000,1100000,Fashion Muslim,Lancar
PB-2026-015,2026-03-14,CB04,PR01,15750000,1250000,Pertanian Organik,Lancar
PB-2026-016,2026-02-17,CB01,PR02,12500000,1850000,Kuliner Halal,Lancar
PB-2026-017,2026-05-25,CB01,PR03,50000000,6400000,Perdagangan Sembako,Lancar
PB-2026-018,2026-03-08,CB06,PR04,8250000,1250000,Perdagangan Sembako,Kurang Lancar
PB-2026-019,2026-05-25,CB04,PR04,15250000,2000000,Kuliner Halal,Kurang Lancar
PB-2026-020,2026-04-07,CB01,PR04,50250000,6900000,Pertanian Organik,Lancar
PB-2026-021,2026-05-15,CB03,PR02,12250000,1200000,Jasa Pendidikan,Lancar
PB-2026-022,2026-01-03,CB03,PR02,8250000,700000,Fashion Muslim,Lancar
PB-2026-023,2026-06-16,CB01,PR01,20250000,2800000,Jasa Pendidikan,Kurang Lancar
PB-2026-024,2026-04-07,CB02,PR03,12000000,1600000,Konveksi,Lancar
PB-2026-025,2026-06-21,CB02,PR03,12000000,1350000,Perdagangan Sembako,Lancar
PB-2026-026,2026-04-05,CB01,PR01,35250000,3600000,Perdagangan Sembako,Lancar
PB-2026-027,2026-05-04,CB02,PR04,8000000,1250000,Kuliner Halal,Kurang Lancar
PB-2026-028,2026-02-28,CB01,PR02,35000000,3250000,Konveksi,Lancar
PB-2026-029,2026-04-10,CB01,PR03,35750000,3300000,Perdagangan Sembako,Lancar
PB-2026-030,2026-06-11,CB03,PR02,8000000,1000000,Jasa Pendidikan,Lancar
PB-2026-031,2026-01-28,CB01,PR05,15000000,0,Pertanian Organik,Lancar
PB-2026-032,2026-05-08,CB05,PR02,60000000,7750000,Jasa Pendidikan,Lancar
PB-2026-033,2026-03-07,CB03,PR01,30250000,3050000,Pertanian Organik,Lancar
PB-2026-034,2026-01-01,CB01,PR01,40000000,3450000,Fashion Muslim,Lancar
PB-2026-035,2026-01-08,CB01,PR01,30500000,2800000,Pertanian Organik,Lancar
PB-2026-036,2026-06-17,CB02,PR05,8500000,0,Perdagangan Sembako,Kurang Lancar
PB-2026-037,2026-01-04,CB06,PR01,50250000,5100000,Pertanian Organik,Lancar
PB-2026-038,2026-03-17,CB02,PR03,40500000,6150000,Perdagangan Sembako,Lancar
PB-2026-039,2026-01-01,CB03,PR04,30250000,3950000,Pertanian Organik,Lancar
PB-2026-040,2026-05-01,CB02,PR03,12000000,1850000,Kuliner Halal,Lancar
PB-2026-041,2026-05-18,CB03,PR04,15750000,1400000,Perdagangan Sembako,Lancar
PB-2026-042,2026-02-22,CB05,PR01,12500000,1800000,Konveksi,Kurang Lancar
PB-2026-043,2026-02-28,CB06,PR03,15250000,2300000,Pertanian Organik,Lancar
PB-2026-044,2026-04-26,CB06,PR03,20500000,1900000,Konveksi,Lancar
PB-2026-045,2026-02-07,CB05,PR04,40500000,4250000,Kuliner Halal,Lancar
PB-2026-046,2026-04-11,CB01,PR03,25000000,3950000,Pertanian Organik,Lancar
PB-2026-047,2026-05-11,CB03,PR03,8000000,1200000,Jasa Pendidikan,Lancar
PB-2026-048,2026-01-20,CB06,PR01,35500000,4900000,Jasa Pendidikan,Lancar
PB-2026-049,2026-05-07,CB06,PR01,25000000,3400000,Jasa Pendidikan,Lancar
PB-2026-050,2026-06-22,CB04,PR05,20500000,0,Pertanian Organik,Lancar
PB-2026-051,2026-06-28,CB06,PR03,12500000,1500000,Fashion Muslim,Lancar
PB-2026-052,2026-02-07,CB02,PR01,35750000,4800000,Jasa Pendidikan,Kurang Lancar
PB-2026-053,2026-01-10,CB03,PR02,25250000,2900000,Pertanian Organik,Lancar
PB-2026-054,2026-06-07,CB02,PR02,50750000,7300000,Pertanian Organik,Macet
PB-2026-055,2026-05-22,CB01,PR01,60500000,5300000,Kuliner Halal,Macet
PB-2026-056,2026-02-05,CB03,PR01,8000000,800000,Perdagangan Sembako,Lancar
PB-2026-057,2026-05-07,CB02,PR04,35750000,4000000,Pertanian Organik,Lancar
PB-2026-058,2026-01-25,CB01,PR03,35250000,3300000,Jasa Pendidikan,Macet
PB-2026-059,2026-01-15,CB02,PR02,15750000,2100000,Jasa Pendidikan,Macet
PB-2026-060,2026-04-20,CB02,PR03,50750000,7450000,Kuliner Halal,Lancar
